Nombre,Referencia,Aprobado
Carlos,Excelente servicio y rápido,SI
Lucia,Excelente tus servicio muy  confiable gracias 🙂 👍, SI
Zekke,"Servicio confiable. Agradecido con la atención del admin. Gracias.",SI
Fra Fra,"Muy buen servicio, rápido. Lo recomiendo.",SI
Sr. Williams,"Buen trabajo, súper rápido.",SI
Cliente,"Muy buen servicio, lo recomiendo.",SI
Yanoi,"Todo perfecto con Tech Shop. Excelente.",SI
L3³∅ Rød®|¢£¢§,"Excelente servicio. Gracias, ya tengo mi propio número. Bendiciones para ti y tu familia.",SI
Reyna,"Súper la atención, muy buena.",SI
Eduareh SpaceHunters Kat Knight,"Excelente servicio. Excelentes ofertas. 5/5.",SI
Javier Ojeda,"Muchas gracias, ya tengo mi número para Telegram.",SI
Yoendry,"Súper confiable con los números virtuales.",SI
Ihosva,"Es un placer adquirir servicios con Tech Shop: rápido y seguro.",SI
Carlos Manuel Portales Chacón,"Total seguridad y confianza.",SI
Yoendry,"Excelente servicio, súper serio.",SI
Cliente,"Excelente servicio, mucha seguridad y confianza.",SI
Cliente,"Segundo trabajo y como siempre excelente. Lo mejor.",SI
MR,"Muy complacido con la atención. Gracias, pude conseguir mi número virtual. Servicio de excelencia.",SI
Cliente,"Muy buen servicio. Tech Shop brinda el mejor servicio.",SI
Manu,"Muy contento con los servicios: calidad y rapidez aseguradas.",SI
Spotify,"Muy contento con los servicios. Muchas gracias.",SI
Netflix,"Espectacular servicio: calidad y rapidez. Muchas gracias.",SI
Cliente,"Muy contenta con los servicios. Llevo años y nunca he tenido problemas. Muchas gracias.",SI
Nestor Pérez A,"Muchísimas gracias por el servicio. Continúa así; serás un gran emprendedor.",SI
Cliente,"Excelente servicio. Súper rápido y confiable. Recomendado.",SI
Victor, Un servicio confiable!,SI
Daylin, Gracias por su servicio muy atento a la hora de atender sus clientes un placer trabajar con usted.,SI


